<?xml version="1.0" encoding="UTF-8"?><?xml-stylesheet type='text/xsl' href='_UpgradeReport_Files/UpgradeReport.xslt'?><UpgradeLog>
<Properties><Property Name="Solution" Value="AIn_csNET">
</Property><Property Name="Solution File" Value="C:\Users\Morten\Desktop\examples\USB1208FS_UL_Examples_Rev1_0\USB1208FS_UL_Examples_Rev1_0\VCSharp2003\AIn_csNET\AIn_csNET.sln">
</Property><Property Name="Date" Value="24. februar 2014">
</Property><Property Name="Time" Value="13:43">
</Property></Properties><Event ErrorLevel="0" Project="" Source="AIn_csNET.sln" Description="File successfully backed up as C:\Users\Morten\Desktop\examples\USB1208FS_UL_Examples_Rev1_0\USB1208FS_UL_Examples_Rev1_0\VCSharp2003\AIn_csNET\Backup\AIn_csNET.sln">
</Event><Event ErrorLevel="0" Project="AIn_csNET" Source="AIn_csNET.csproj" Description="Project file successfully backed up as C:\Users\Morten\Desktop\examples\USB1208FS_UL_Examples_Rev1_0\USB1208FS_UL_Examples_Rev1_0\VCSharp2003\AIn_csNET\Backup\AIn_csNET.csproj">
</Event><Event ErrorLevel="0" Project="AIn_csNET" Source="AIn_csNET.cs" Description="File successfully backed up as C:\Users\Morten\Desktop\examples\USB1208FS_UL_Examples_Rev1_0\USB1208FS_UL_Examples_Rev1_0\VCSharp2003\AIn_csNET\Backup\AIn_csNET.cs">
</Event><Event ErrorLevel="0" Project="AIn_csNET" Source="AssemblyInfo.cs" Description="File successfully backed up as C:\Users\Morten\Desktop\examples\USB1208FS_UL_Examples_Rev1_0\USB1208FS_UL_Examples_Rev1_0\VCSharp2003\AIn_csNET\Backup\AssemblyInfo.cs">
</Event><Event ErrorLevel="0" Project="AIn_csNET" Source="AIn_csNET.resX" Description="File successfully backed up as C:\Users\Morten\Desktop\examples\USB1208FS_UL_Examples_Rev1_0\USB1208FS_UL_Examples_Rev1_0\VCSharp2003\AIn_csNET\Backup\AIn_csNET.resX">
</Event><Event ErrorLevel="1" Project="AIn_csNET" Source="AIn_csNET.csproj" Description="Your project is targeting .NET Framework 2.0 or 3.0. If your project uses assemblies requiring a newer .NET Framework, your project will fail to build. You can change the .NET Framework version by clicking Properties on the project menu and then selecting a new version in the '.NET Framework' dropdown box. (In Visual Basic, this is located on the Compile tab by clicking the 'Advanced Compiler Options...' button.)">
</Event><Event ErrorLevel="0" Project="AIn_csNET" Source="AIn_csNET.csproj" Description="Project converted successfully">
</Event><Event ErrorLevel="3" Project="AIn_csNET" Source="AIn_csNET.csproj" Description="Converted">
</Event><Event ErrorLevel="0" Project="" Source="AIn_csNET.sln" Description="Solution converted successfully">
</Event><Event ErrorLevel="3" Project="" Source="AIn_csNET.sln" Description="Converted">
</Event><Event ErrorLevel="0" Project="AIn_csNET" Source="AIn_csNET.csproj" Description="Scan complete: Upgrade not required for project files.">
</Event></UpgradeLog>