-- --------------------------------------------------------
-- Host:                         sql-lab1.cc.dtu.dk
-- Server version:               5.1.73-1 - (Debian)
-- Server OS:                    debian-linux-gnu
-- HeidiSQL Version:             8.3.0.4694
-- --------------------------------------------------------

/*!40101 SET @OLD_CHARACTER_SET_CLIENT=@@CHARACTER_SET_CLIENT */;
/*!40101 SET NAMES utf8 */;
/*!40014 SET @OLD_FOREIGN_KEY_CHECKS=@@FOREIGN_KEY_CHECKS, FOREIGN_KEY_CHECKS=0 */;
/*!40101 SET @OLD_SQL_MODE=@@SQL_MODE, SQL_MODE='NO_AUTO_VALUE_ON_ZERO' */;

-- Dumping database structure for s134000
CREATE DATABASE IF NOT EXISTS `s134000` /*!40100 DEFAULT CHARACTER SET latin1 */;
USE `s134000`;


-- Dumping structure for table s134000.batches
CREATE TABLE IF NOT EXISTS `batches` (
  `id` int(32) NOT NULL AUTO_INCREMENT,
  `name` varchar(32) COLLATE utf8_bin NOT NULL,
  `profile` int(32) DEFAULT NULL,
  `Created_By` varchar(50) COLLATE utf8_bin DEFAULT NULL,
  `Created_Date` timestamp NULL DEFAULT CURRENT_TIMESTAMP,
  `Approved_By` varchar(50) COLLATE utf8_bin DEFAULT NULL,
  `Approved_Date` timestamp NULL DEFAULT NULL,
  PRIMARY KEY (`id`),
  UNIQUE KEY `NoDuplicateNames` (`name`),
  KEY `profile key` (`profile`),
  CONSTRAINT `profile key` FOREIGN KEY (`profile`) REFERENCES `batchprofile` (`id`) ON DELETE NO ACTION ON UPDATE NO ACTION
) ENGINE=InnoDB AUTO_INCREMENT=52 DEFAULT CHARSET=utf8 COLLATE=utf8_bin;

-- Dumping data for table s134000.batches: ~10 rows (approximately)
/*!40000 ALTER TABLE `batches` DISABLE KEYS */;
INSERT INTO `batches` (`id`, `name`, `profile`, `Created_By`, `Created_Date`, `Approved_By`, `Approved_Date`) VALUES
	(33, 'Martin test', 126, 'Runi', '2014-06-11 11:14:37', NULL, NULL),
	(43, '123', 136, 'Eirik', '2014-06-18 14:12:10', NULL, NULL),
	(44, 'charles', 137, 'Martin2', '2014-06-18 15:24:59', NULL, NULL),
	(45, 'charles22', 138, 'Martin2', '2014-06-18 15:25:38', NULL, NULL),
	(46, 'EKSAMEN  BATCH', 139, 'Eirik', '2014-06-18 15:46:28', NULL, NULL),
	(47, 'test-regex', 140, 'Eirik', '2014-06-18 19:51:18', NULL, NULL),
	(48, '234234', 142, 'Eirik', '2014-06-19 10:57:18', NULL, NULL),
	(49, '1233123', 143, 'Eirik', '2014-06-19 10:58:43', NULL, NULL),
	(50, '123test', 145, 'Eirik', '2014-06-19 11:01:11', NULL, NULL),
	(51, 'ssss', 146, 'Bent', '2014-06-19 23:24:51', NULL, NULL);
/*!40000 ALTER TABLE `batches` ENABLE KEYS */;


-- Dumping structure for table s134000.batchprofile
CREATE TABLE IF NOT EXISTS `batchprofile` (
  `id` int(32) NOT NULL AUTO_INCREMENT,
  `profilename` varchar(256) DEFAULT NULL,
  PRIMARY KEY (`id`)
) ENGINE=InnoDB AUTO_INCREMENT=147 DEFAULT CHARSET=latin1;

-- Dumping data for table s134000.batchprofile: ~14 rows (approximately)
/*!40000 ALTER TABLE `batchprofile` DISABLE KEYS */;
INSERT INTO `batchprofile` (`id`, `profilename`) VALUES
	(124, 'martin test'),
	(125, 'martin'),
	(126, NULL),
	(136, NULL),
	(137, NULL),
	(138, NULL),
	(139, NULL),
	(140, NULL),
	(141, 'chrtest'),
	(142, NULL),
	(143, NULL),
	(144, 'testchr'),
	(145, NULL),
	(146, NULL);
/*!40000 ALTER TABLE `batchprofile` ENABLE KEYS */;


-- Dumping structure for table s134000.batchsettings
CREATE TABLE IF NOT EXISTS `batchsettings` (
  `id` int(32) NOT NULL AUTO_INCREMENT,
  `profileid` int(32) DEFAULT NULL,
  `settingname` varchar(256) COLLATE utf8_bin DEFAULT NULL,
  `valuetype` varchar(256) COLLATE utf8_bin DEFAULT NULL,
  `value` varchar(256) COLLATE utf8_bin NOT NULL,
  PRIMARY KEY (`id`),
  KEY `batchprofile` (`profileid`),
  CONSTRAINT `batchprofile` FOREIGN KEY (`profileid`) REFERENCES `batchprofile` (`id`) ON DELETE NO ACTION ON UPDATE NO ACTION
) ENGINE=InnoDB AUTO_INCREMENT=5645 DEFAULT CHARSET=utf8 COLLATE=utf8_bin;

-- Dumping data for table s134000.batchsettings: ~831 rows (approximately)
/*!40000 ALTER TABLE `batchsettings` DISABLE KEYS */;
INSERT INTO `batchsettings` (`id`, `profileid`, `settingname`, `valuetype`, `value`) VALUES
	(4541, 124, NULL, NULL, 'asd'),
	(4542, 124, NULL, NULL, ''),
	(4543, 124, NULL, NULL, ''),
	(4544, 124, NULL, NULL, ''),
	(4545, 124, NULL, NULL, ''),
	(4546, 124, NULL, NULL, ''),
	(4547, 124, NULL, NULL, ''),
	(4548, 124, NULL, NULL, '123123'),
	(4549, 124, NULL, NULL, ''),
	(4550, 124, NULL, NULL, '22'),
	(4551, 124, NULL, NULL, ''),
	(4552, 124, NULL, NULL, ''),
	(4553, 124, NULL, NULL, ''),
	(4554, 124, NULL, NULL, ''),
	(4555, 124, NULL, NULL, ''),
	(4556, 124, NULL, NULL, ''),
	(4557, 124, NULL, NULL, ''),
	(4558, 124, NULL, NULL, ''),
	(4559, 124, NULL, NULL, ''),
	(4560, 124, NULL, NULL, ''),
	(4561, 124, NULL, NULL, ''),
	(4562, 124, NULL, NULL, ''),
	(4563, 124, NULL, NULL, ''),
	(4564, 124, NULL, NULL, ''),
	(4565, 124, NULL, NULL, ''),
	(4566, 124, NULL, NULL, ''),
	(4567, 124, NULL, NULL, ''),
	(4568, 124, NULL, NULL, ''),
	(4569, 124, NULL, NULL, ''),
	(4570, 124, NULL, NULL, ''),
	(4571, 124, NULL, NULL, ''),
	(4572, 124, NULL, NULL, ''),
	(4573, 124, NULL, NULL, ''),
	(4574, 124, NULL, NULL, ''),
	(4575, 124, NULL, NULL, ''),
	(4576, 124, NULL, NULL, ''),
	(4577, 124, NULL, NULL, ''),
	(4578, 124, NULL, NULL, ''),
	(4579, 124, NULL, NULL, ''),
	(4580, 124, NULL, NULL, ''),
	(4581, 124, NULL, NULL, ''),
	(4582, 124, NULL, NULL, ''),
	(4583, 124, NULL, NULL, ''),
	(4584, 124, NULL, NULL, ''),
	(4585, 124, NULL, NULL, 'false'),
	(4586, 124, NULL, NULL, 'false'),
	(4587, 124, NULL, NULL, 'false'),
	(4588, 124, NULL, NULL, 'false'),
	(4589, 125, NULL, NULL, 'asd'),
	(4590, 125, NULL, NULL, ''),
	(4591, 125, NULL, NULL, ''),
	(4592, 125, NULL, NULL, ''),
	(4593, 125, NULL, NULL, ''),
	(4594, 125, NULL, NULL, ''),
	(4595, 125, NULL, NULL, ''),
	(4596, 125, NULL, NULL, '123123'),
	(4597, 125, NULL, NULL, ''),
	(4598, 125, NULL, NULL, '22'),
	(4599, 125, NULL, NULL, ''),
	(4600, 125, NULL, NULL, ''),
	(4601, 125, NULL, NULL, ''),
	(4602, 125, NULL, NULL, '2'),
	(4603, 125, NULL, NULL, ''),
	(4604, 125, NULL, NULL, ''),
	(4605, 125, NULL, NULL, ''),
	(4606, 125, NULL, NULL, ''),
	(4607, 125, NULL, NULL, ''),
	(4608, 125, NULL, NULL, ''),
	(4609, 125, NULL, NULL, ''),
	(4610, 125, NULL, NULL, ''),
	(4611, 125, NULL, NULL, ''),
	(4612, 125, NULL, NULL, ''),
	(4613, 125, NULL, NULL, ''),
	(4614, 125, NULL, NULL, ''),
	(4615, 125, NULL, NULL, ''),
	(4616, 125, NULL, NULL, ''),
	(4617, 125, NULL, NULL, ''),
	(4618, 125, NULL, NULL, ''),
	(4619, 125, NULL, NULL, ''),
	(4620, 125, NULL, NULL, ''),
	(4621, 125, NULL, NULL, ''),
	(4622, 125, NULL, NULL, ''),
	(4623, 125, NULL, NULL, ''),
	(4624, 125, NULL, NULL, ''),
	(4625, 125, NULL, NULL, ''),
	(4626, 125, NULL, NULL, ''),
	(4627, 125, NULL, NULL, ''),
	(4628, 125, NULL, NULL, ''),
	(4629, 125, NULL, NULL, ''),
	(4630, 125, NULL, NULL, ''),
	(4631, 125, NULL, NULL, ''),
	(4632, 125, NULL, NULL, ''),
	(4633, 125, NULL, NULL, 'false'),
	(4634, 125, NULL, NULL, 'false'),
	(4635, 125, NULL, NULL, 'false'),
	(4636, 125, NULL, NULL, 'false'),
	(4637, 126, NULL, NULL, 'asd'),
	(4638, 126, NULL, NULL, ''),
	(4639, 126, NULL, NULL, ''),
	(4640, 126, NULL, NULL, ''),
	(4641, 126, NULL, NULL, ''),
	(4642, 126, NULL, NULL, ''),
	(4643, 126, NULL, NULL, ''),
	(4644, 126, NULL, NULL, '123123'),
	(4645, 126, NULL, NULL, ''),
	(4646, 126, NULL, NULL, '22'),
	(4647, 126, NULL, NULL, ''),
	(4648, 126, NULL, NULL, ''),
	(4649, 126, NULL, NULL, ''),
	(4650, 126, NULL, NULL, ''),
	(4651, 126, NULL, NULL, ''),
	(4652, 126, NULL, NULL, ''),
	(4653, 126, NULL, NULL, ''),
	(4654, 126, NULL, NULL, ''),
	(4655, 126, NULL, NULL, ''),
	(4656, 126, NULL, NULL, ''),
	(4657, 126, NULL, NULL, ''),
	(4658, 126, NULL, NULL, ''),
	(4659, 126, NULL, NULL, ''),
	(4660, 126, NULL, NULL, ''),
	(4661, 126, NULL, NULL, ''),
	(4662, 126, NULL, NULL, ''),
	(4663, 126, NULL, NULL, ''),
	(4664, 126, NULL, NULL, ''),
	(4665, 126, NULL, NULL, ''),
	(4666, 126, NULL, NULL, ''),
	(4667, 126, NULL, NULL, ''),
	(4668, 126, NULL, NULL, ''),
	(4669, 126, NULL, NULL, ''),
	(4670, 126, NULL, NULL, ''),
	(4671, 126, NULL, NULL, ''),
	(4672, 126, NULL, NULL, ''),
	(4673, 126, NULL, NULL, ''),
	(4674, 126, NULL, NULL, ''),
	(4675, 126, NULL, NULL, ''),
	(4676, 126, NULL, NULL, ''),
	(4677, 126, NULL, NULL, ''),
	(4678, 126, NULL, NULL, ''),
	(4679, 126, NULL, NULL, ''),
	(4680, 126, NULL, NULL, ''),
	(4681, 126, NULL, NULL, 'false'),
	(4682, 126, NULL, NULL, 'false'),
	(4683, 126, NULL, NULL, 'false'),
	(4684, 126, NULL, NULL, 'false'),
	(5117, 136, NULL, NULL, 'safd'),
	(5118, 136, NULL, NULL, 'asdf'),
	(5119, 136, NULL, NULL, '232'),
	(5120, 136, NULL, NULL, '12'),
	(5121, 136, NULL, NULL, '32'),
	(5122, 136, NULL, NULL, '2'),
	(5123, 136, NULL, NULL, 'e'),
	(5124, 136, NULL, NULL, '2675'),
	(5125, 136, NULL, NULL, '7689'),
	(5126, 136, NULL, NULL, '7867'),
	(5127, 136, NULL, NULL, '76'),
	(5128, 136, NULL, NULL, '67'),
	(5129, 136, NULL, NULL, '6767'),
	(5130, 136, NULL, NULL, '78'),
	(5131, 136, NULL, NULL, '867768'),
	(5132, 136, NULL, NULL, '678768'),
	(5133, 136, NULL, NULL, '678'),
	(5134, 136, NULL, NULL, '768'),
	(5135, 136, NULL, NULL, '786'),
	(5136, 136, NULL, NULL, '6789'),
	(5137, 136, NULL, NULL, '978676'),
	(5138, 136, NULL, NULL, '76'),
	(5139, 136, NULL, NULL, '67'),
	(5140, 136, NULL, NULL, '6768'),
	(5141, 136, NULL, NULL, '678'),
	(5142, 136, NULL, NULL, '678'),
	(5143, 136, NULL, NULL, '678'),
	(5144, 136, NULL, NULL, '768'),
	(5145, 136, NULL, NULL, '6786789'),
	(5146, 136, NULL, NULL, '897689'),
	(5147, 136, NULL, NULL, '76'),
	(5148, 136, NULL, NULL, '7667'),
	(5149, 136, NULL, NULL, '76'),
	(5150, 136, NULL, NULL, '676'),
	(5151, 136, NULL, NULL, '867'),
	(5152, 136, NULL, NULL, '867'),
	(5153, 136, NULL, NULL, '678678'),
	(5154, 136, NULL, NULL, '678768'),
	(5155, 136, NULL, NULL, '768'),
	(5156, 136, NULL, NULL, '78'),
	(5157, 136, NULL, NULL, '86768'),
	(5158, 136, NULL, NULL, '768768'),
	(5159, 136, NULL, NULL, '76'),
	(5160, 136, NULL, NULL, '78676'),
	(5161, 136, NULL, NULL, 'true'),
	(5162, 136, NULL, NULL, 'true'),
	(5163, 136, NULL, NULL, 'true'),
	(5164, 136, NULL, NULL, 'true'),
	(5165, 137, NULL, NULL, 'martin'),
	(5166, 137, NULL, NULL, ''),
	(5167, 137, NULL, NULL, ''),
	(5168, 137, NULL, NULL, ''),
	(5169, 137, NULL, NULL, ''),
	(5170, 137, NULL, NULL, ''),
	(5171, 137, NULL, NULL, ''),
	(5172, 137, NULL, NULL, '2'),
	(5173, 137, NULL, NULL, '33'),
	(5174, 137, NULL, NULL, '3'),
	(5175, 137, NULL, NULL, '3'),
	(5176, 137, NULL, NULL, '123'),
	(5177, 137, NULL, NULL, ''),
	(5178, 137, NULL, NULL, ''),
	(5179, 137, NULL, NULL, ''),
	(5180, 137, NULL, NULL, '1'),
	(5181, 137, NULL, NULL, ''),
	(5182, 137, NULL, NULL, '5'),
	(5183, 137, NULL, NULL, ''),
	(5184, 137, NULL, NULL, '4'),
	(5185, 137, NULL, NULL, ''),
	(5186, 137, NULL, NULL, ''),
	(5187, 137, NULL, NULL, ''),
	(5188, 137, NULL, NULL, ''),
	(5189, 137, NULL, NULL, ''),
	(5190, 137, NULL, NULL, ''),
	(5191, 137, NULL, NULL, ''),
	(5192, 137, NULL, NULL, ''),
	(5193, 137, NULL, NULL, '1'),
	(5194, 137, NULL, NULL, ''),
	(5195, 137, NULL, NULL, ''),
	(5196, 137, NULL, NULL, ''),
	(5197, 137, NULL, NULL, ''),
	(5198, 137, NULL, NULL, ''),
	(5199, 137, NULL, NULL, ''),
	(5200, 137, NULL, NULL, ''),
	(5201, 137, NULL, NULL, ''),
	(5202, 137, NULL, NULL, ''),
	(5203, 137, NULL, NULL, ''),
	(5204, 137, NULL, NULL, ''),
	(5205, 137, NULL, NULL, ''),
	(5206, 137, NULL, NULL, ''),
	(5207, 137, NULL, NULL, ''),
	(5208, 137, NULL, NULL, ''),
	(5209, 137, NULL, NULL, 'false'),
	(5210, 137, NULL, NULL, 'false'),
	(5211, 137, NULL, NULL, 'false'),
	(5212, 137, NULL, NULL, 'false'),
	(5213, 138, NULL, NULL, 'martin'),
	(5214, 138, NULL, NULL, '2'),
	(5215, 138, NULL, NULL, 'j1'),
	(5216, 138, NULL, NULL, ''),
	(5217, 138, NULL, NULL, '2'),
	(5218, 138, NULL, NULL, '1'),
	(5219, 138, NULL, NULL, '4'),
	(5220, 138, NULL, NULL, '4'),
	(5221, 138, NULL, NULL, '4'),
	(5222, 138, NULL, NULL, '4'),
	(5223, 138, NULL, NULL, '4'),
	(5224, 138, NULL, NULL, '4'),
	(5225, 138, NULL, NULL, '4'),
	(5226, 138, NULL, NULL, ''),
	(5227, 138, NULL, NULL, '4'),
	(5228, 138, NULL, NULL, '4'),
	(5229, 138, NULL, NULL, '4'),
	(5230, 138, NULL, NULL, '4'),
	(5231, 138, NULL, NULL, ''),
	(5232, 138, NULL, NULL, '4'),
	(5233, 138, NULL, NULL, '4'),
	(5234, 138, NULL, NULL, '4'),
	(5235, 138, NULL, NULL, '4'),
	(5236, 138, NULL, NULL, '4'),
	(5237, 138, NULL, NULL, '4'),
	(5238, 138, NULL, NULL, '4'),
	(5239, 138, NULL, NULL, '4'),
	(5240, 138, NULL, NULL, ''),
	(5241, 138, NULL, NULL, '4'),
	(5242, 138, NULL, NULL, '4'),
	(5243, 138, NULL, NULL, ''),
	(5244, 138, NULL, NULL, '4'),
	(5245, 138, NULL, NULL, '4'),
	(5246, 138, NULL, NULL, ''),
	(5247, 138, NULL, NULL, '4'),
	(5248, 138, NULL, NULL, '4'),
	(5249, 138, NULL, NULL, '4'),
	(5250, 138, NULL, NULL, '4'),
	(5251, 138, NULL, NULL, ''),
	(5252, 138, NULL, NULL, ''),
	(5253, 138, NULL, NULL, ''),
	(5254, 138, NULL, NULL, ''),
	(5255, 138, NULL, NULL, ''),
	(5256, 138, NULL, NULL, ''),
	(5257, 138, NULL, NULL, 'false'),
	(5258, 138, NULL, NULL, 'true'),
	(5259, 138, NULL, NULL, 'false'),
	(5260, 138, NULL, NULL, 'false'),
	(5261, 139, NULL, NULL, 'Area-51'),
	(5262, 139, NULL, NULL, 'Cirkler'),
	(5263, 139, NULL, NULL, '6213-161'),
	(5264, 139, NULL, NULL, '651'),
	(5265, 139, NULL, NULL, '2'),
	(5266, 139, NULL, NULL, 'VIGTIGT'),
	(5267, 139, NULL, NULL, 'YES'),
	(5268, 139, NULL, NULL, '10'),
	(5269, 139, NULL, NULL, '10'),
	(5270, 139, NULL, NULL, '3.4'),
	(5271, 139, NULL, NULL, ''),
	(5272, 139, NULL, NULL, ''),
	(5273, 139, NULL, NULL, '5'),
	(5274, 139, NULL, NULL, ''),
	(5275, 139, NULL, NULL, '1.4'),
	(5276, 139, NULL, NULL, '2.3'),
	(5277, 139, NULL, NULL, ''),
	(5278, 139, NULL, NULL, ''),
	(5279, 139, NULL, NULL, ''),
	(5280, 139, NULL, NULL, '0.1'),
	(5281, 139, NULL, NULL, '0.1'),
	(5282, 139, NULL, NULL, '0.03'),
	(5283, 139, NULL, NULL, ''),
	(5284, 139, NULL, NULL, ''),
	(5285, 139, NULL, NULL, ''),
	(5286, 139, NULL, NULL, '0.2'),
	(5287, 139, NULL, NULL, ''),
	(5288, 139, NULL, NULL, ''),
	(5289, 139, NULL, NULL, '1'),
	(5290, 139, NULL, NULL, '2'),
	(5291, 139, NULL, NULL, '3'),
	(5292, 139, NULL, NULL, '4'),
	(5293, 139, NULL, NULL, '5'),
	(5294, 139, NULL, NULL, '6'),
	(5295, 139, NULL, NULL, '7'),
	(5296, 139, NULL, NULL, '8'),
	(5297, 139, NULL, NULL, '9'),
	(5298, 139, NULL, NULL, '10'),
	(5299, 139, NULL, NULL, '11'),
	(5300, 139, NULL, NULL, '12'),
	(5301, 139, NULL, NULL, '13'),
	(5302, 139, NULL, NULL, '14'),
	(5303, 139, NULL, NULL, '15'),
	(5304, 139, NULL, NULL, '16'),
	(5305, 139, NULL, NULL, 'true'),
	(5306, 139, NULL, NULL, 'false'),
	(5307, 139, NULL, NULL, 'true'),
	(5308, 139, NULL, NULL, 'true'),
	(5309, 140, NULL, NULL, ''),
	(5310, 140, NULL, NULL, ''),
	(5311, 140, NULL, NULL, ''),
	(5312, 140, NULL, NULL, ''),
	(5313, 140, NULL, NULL, ''),
	(5314, 140, NULL, NULL, ''),
	(5315, 140, NULL, NULL, ''),
	(5316, 140, NULL, NULL, 'ad'),
	(5317, 140, NULL, NULL, ''),
	(5318, 140, NULL, NULL, ''),
	(5319, 140, NULL, NULL, ''),
	(5320, 140, NULL, NULL, ''),
	(5321, 140, NULL, NULL, ''),
	(5322, 140, NULL, NULL, ''),
	(5323, 140, NULL, NULL, ''),
	(5324, 140, NULL, NULL, ''),
	(5325, 140, NULL, NULL, ''),
	(5326, 140, NULL, NULL, ''),
	(5327, 140, NULL, NULL, ''),
	(5328, 140, NULL, NULL, ''),
	(5329, 140, NULL, NULL, ''),
	(5330, 140, NULL, NULL, ''),
	(5331, 140, NULL, NULL, ''),
	(5332, 140, NULL, NULL, ''),
	(5333, 140, NULL, NULL, ''),
	(5334, 140, NULL, NULL, ''),
	(5335, 140, NULL, NULL, ''),
	(5336, 140, NULL, NULL, ''),
	(5337, 140, NULL, NULL, ''),
	(5338, 140, NULL, NULL, ''),
	(5339, 140, NULL, NULL, ''),
	(5340, 140, NULL, NULL, ''),
	(5341, 140, NULL, NULL, ''),
	(5342, 140, NULL, NULL, ''),
	(5343, 140, NULL, NULL, ''),
	(5344, 140, NULL, NULL, ''),
	(5345, 140, NULL, NULL, ''),
	(5346, 140, NULL, NULL, ''),
	(5347, 140, NULL, NULL, ''),
	(5348, 140, NULL, NULL, ''),
	(5349, 140, NULL, NULL, ''),
	(5350, 140, NULL, NULL, ''),
	(5351, 140, NULL, NULL, ''),
	(5352, 140, NULL, NULL, ''),
	(5353, 140, NULL, NULL, 'false'),
	(5354, 140, NULL, NULL, 'false'),
	(5355, 140, NULL, NULL, 'false'),
	(5356, 140, NULL, NULL, 'false'),
	(5357, 141, NULL, NULL, '234'),
	(5358, 141, NULL, NULL, '234'),
	(5359, 141, NULL, NULL, '234'),
	(5360, 141, NULL, NULL, '234'),
	(5361, 141, NULL, NULL, ''),
	(5362, 141, NULL, NULL, ''),
	(5363, 141, NULL, NULL, ''),
	(5364, 141, NULL, NULL, '234'),
	(5365, 141, NULL, NULL, '234'),
	(5366, 141, NULL, NULL, ''),
	(5367, 141, NULL, NULL, ''),
	(5368, 141, NULL, NULL, ''),
	(5369, 141, NULL, NULL, ''),
	(5370, 141, NULL, NULL, ''),
	(5371, 141, NULL, NULL, ''),
	(5372, 141, NULL, NULL, ''),
	(5373, 141, NULL, NULL, ''),
	(5374, 141, NULL, NULL, ''),
	(5375, 141, NULL, NULL, ''),
	(5376, 141, NULL, NULL, ''),
	(5377, 141, NULL, NULL, ''),
	(5378, 141, NULL, NULL, ''),
	(5379, 141, NULL, NULL, ''),
	(5380, 141, NULL, NULL, ''),
	(5381, 141, NULL, NULL, ''),
	(5382, 141, NULL, NULL, ''),
	(5383, 141, NULL, NULL, ''),
	(5384, 141, NULL, NULL, ''),
	(5385, 141, NULL, NULL, ''),
	(5386, 141, NULL, NULL, ''),
	(5387, 141, NULL, NULL, ''),
	(5388, 141, NULL, NULL, ''),
	(5389, 141, NULL, NULL, ''),
	(5390, 141, NULL, NULL, ''),
	(5391, 141, NULL, NULL, ''),
	(5392, 141, NULL, NULL, ''),
	(5393, 141, NULL, NULL, ''),
	(5394, 141, NULL, NULL, ''),
	(5395, 141, NULL, NULL, ''),
	(5396, 141, NULL, NULL, ''),
	(5397, 141, NULL, NULL, ''),
	(5398, 141, NULL, NULL, ''),
	(5399, 141, NULL, NULL, ''),
	(5400, 141, NULL, NULL, ''),
	(5401, 141, NULL, NULL, 'false'),
	(5402, 141, NULL, NULL, 'false'),
	(5403, 141, NULL, NULL, 'false'),
	(5404, 141, NULL, NULL, 'false'),
	(5405, 142, NULL, NULL, '234'),
	(5406, 142, NULL, NULL, '234'),
	(5407, 142, NULL, NULL, '234'),
	(5408, 142, NULL, NULL, '234'),
	(5409, 142, NULL, NULL, ''),
	(5410, 142, NULL, NULL, ''),
	(5411, 142, NULL, NULL, ''),
	(5412, 142, NULL, NULL, '234'),
	(5413, 142, NULL, NULL, '234'),
	(5414, 142, NULL, NULL, ''),
	(5415, 142, NULL, NULL, ''),
	(5416, 142, NULL, NULL, ''),
	(5417, 142, NULL, NULL, ''),
	(5418, 142, NULL, NULL, ''),
	(5419, 142, NULL, NULL, ''),
	(5420, 142, NULL, NULL, ''),
	(5421, 142, NULL, NULL, ''),
	(5422, 142, NULL, NULL, ''),
	(5423, 142, NULL, NULL, ''),
	(5424, 142, NULL, NULL, ''),
	(5425, 142, NULL, NULL, ''),
	(5426, 142, NULL, NULL, ''),
	(5427, 142, NULL, NULL, ''),
	(5428, 142, NULL, NULL, ''),
	(5429, 142, NULL, NULL, ''),
	(5430, 142, NULL, NULL, ''),
	(5431, 142, NULL, NULL, ''),
	(5432, 142, NULL, NULL, ''),
	(5433, 142, NULL, NULL, ''),
	(5434, 142, NULL, NULL, ''),
	(5435, 142, NULL, NULL, ''),
	(5436, 142, NULL, NULL, ''),
	(5437, 142, NULL, NULL, ''),
	(5438, 142, NULL, NULL, ''),
	(5439, 142, NULL, NULL, ''),
	(5440, 142, NULL, NULL, ''),
	(5441, 142, NULL, NULL, ''),
	(5442, 142, NULL, NULL, ''),
	(5443, 142, NULL, NULL, ''),
	(5444, 142, NULL, NULL, ''),
	(5445, 142, NULL, NULL, ''),
	(5446, 142, NULL, NULL, ''),
	(5447, 142, NULL, NULL, ''),
	(5448, 142, NULL, NULL, ''),
	(5449, 142, NULL, NULL, 'false'),
	(5450, 142, NULL, NULL, 'false'),
	(5451, 142, NULL, NULL, 'false'),
	(5452, 142, NULL, NULL, 'false'),
	(5453, 143, NULL, NULL, '123'),
	(5454, 143, NULL, NULL, '123'),
	(5455, 143, NULL, NULL, '123'),
	(5456, 143, NULL, NULL, '123'),
	(5457, 143, NULL, NULL, ''),
	(5458, 143, NULL, NULL, ''),
	(5459, 143, NULL, NULL, ''),
	(5460, 143, NULL, NULL, ''),
	(5461, 143, NULL, NULL, ''),
	(5462, 143, NULL, NULL, ''),
	(5463, 143, NULL, NULL, ''),
	(5464, 143, NULL, NULL, ''),
	(5465, 143, NULL, NULL, ''),
	(5466, 143, NULL, NULL, ''),
	(5467, 143, NULL, NULL, ''),
	(5468, 143, NULL, NULL, ''),
	(5469, 143, NULL, NULL, ''),
	(5470, 143, NULL, NULL, ''),
	(5471, 143, NULL, NULL, ''),
	(5472, 143, NULL, NULL, ''),
	(5473, 143, NULL, NULL, ''),
	(5474, 143, NULL, NULL, ''),
	(5475, 143, NULL, NULL, ''),
	(5476, 143, NULL, NULL, ''),
	(5477, 143, NULL, NULL, ''),
	(5478, 143, NULL, NULL, ''),
	(5479, 143, NULL, NULL, ''),
	(5480, 143, NULL, NULL, ''),
	(5481, 143, NULL, NULL, ''),
	(5482, 143, NULL, NULL, ''),
	(5483, 143, NULL, NULL, ''),
	(5484, 143, NULL, NULL, ''),
	(5485, 143, NULL, NULL, ''),
	(5486, 143, NULL, NULL, ''),
	(5487, 143, NULL, NULL, ''),
	(5488, 143, NULL, NULL, ''),
	(5489, 143, NULL, NULL, ''),
	(5490, 143, NULL, NULL, ''),
	(5491, 143, NULL, NULL, ''),
	(5492, 143, NULL, NULL, ''),
	(5493, 143, NULL, NULL, ''),
	(5494, 143, NULL, NULL, ''),
	(5495, 143, NULL, NULL, ''),
	(5496, 143, NULL, NULL, ''),
	(5497, 143, NULL, NULL, 'false'),
	(5498, 143, NULL, NULL, 'false'),
	(5499, 143, NULL, NULL, 'false'),
	(5500, 143, NULL, NULL, 'false'),
	(5501, 144, NULL, NULL, '123'),
	(5502, 144, NULL, NULL, '123'),
	(5503, 144, NULL, NULL, '123'),
	(5504, 144, NULL, NULL, '123'),
	(5505, 144, NULL, NULL, ''),
	(5506, 144, NULL, NULL, ''),
	(5507, 144, NULL, NULL, ''),
	(5508, 144, NULL, NULL, ''),
	(5509, 144, NULL, NULL, ''),
	(5510, 144, NULL, NULL, ''),
	(5511, 144, NULL, NULL, ''),
	(5512, 144, NULL, NULL, ''),
	(5513, 144, NULL, NULL, ''),
	(5514, 144, NULL, NULL, ''),
	(5515, 144, NULL, NULL, ''),
	(5516, 144, NULL, NULL, ''),
	(5517, 144, NULL, NULL, ''),
	(5518, 144, NULL, NULL, ''),
	(5519, 144, NULL, NULL, ''),
	(5520, 144, NULL, NULL, ''),
	(5521, 144, NULL, NULL, ''),
	(5522, 144, NULL, NULL, ''),
	(5523, 144, NULL, NULL, ''),
	(5524, 144, NULL, NULL, ''),
	(5525, 144, NULL, NULL, ''),
	(5526, 144, NULL, NULL, ''),
	(5527, 144, NULL, NULL, ''),
	(5528, 144, NULL, NULL, ''),
	(5529, 144, NULL, NULL, ''),
	(5530, 144, NULL, NULL, ''),
	(5531, 144, NULL, NULL, ''),
	(5532, 144, NULL, NULL, ''),
	(5533, 144, NULL, NULL, ''),
	(5534, 144, NULL, NULL, ''),
	(5535, 144, NULL, NULL, ''),
	(5536, 144, NULL, NULL, ''),
	(5537, 144, NULL, NULL, ''),
	(5538, 144, NULL, NULL, ''),
	(5539, 144, NULL, NULL, ''),
	(5540, 144, NULL, NULL, ''),
	(5541, 144, NULL, NULL, ''),
	(5542, 144, NULL, NULL, ''),
	(5543, 144, NULL, NULL, ''),
	(5544, 144, NULL, NULL, ''),
	(5545, 144, NULL, NULL, 'false'),
	(5546, 144, NULL, NULL, 'false'),
	(5547, 144, NULL, NULL, 'false'),
	(5548, 144, NULL, NULL, 'false'),
	(5549, 145, NULL, NULL, '123'),
	(5550, 145, NULL, NULL, '123'),
	(5551, 145, NULL, NULL, '123'),
	(5552, 145, NULL, NULL, '123'),
	(5553, 145, NULL, NULL, ''),
	(5554, 145, NULL, NULL, ''),
	(5555, 145, NULL, NULL, ''),
	(5556, 145, NULL, NULL, ''),
	(5557, 145, NULL, NULL, ''),
	(5558, 145, NULL, NULL, ''),
	(5559, 145, NULL, NULL, ''),
	(5560, 145, NULL, NULL, ''),
	(5561, 145, NULL, NULL, ''),
	(5562, 145, NULL, NULL, ''),
	(5563, 145, NULL, NULL, ''),
	(5564, 145, NULL, NULL, ''),
	(5565, 145, NULL, NULL, ''),
	(5566, 145, NULL, NULL, ''),
	(5567, 145, NULL, NULL, ''),
	(5568, 145, NULL, NULL, ''),
	(5569, 145, NULL, NULL, ''),
	(5570, 145, NULL, NULL, ''),
	(5571, 145, NULL, NULL, ''),
	(5572, 145, NULL, NULL, ''),
	(5573, 145, NULL, NULL, ''),
	(5574, 145, NULL, NULL, ''),
	(5575, 145, NULL, NULL, ''),
	(5576, 145, NULL, NULL, ''),
	(5577, 145, NULL, NULL, ''),
	(5578, 145, NULL, NULL, ''),
	(5579, 145, NULL, NULL, ''),
	(5580, 145, NULL, NULL, ''),
	(5581, 145, NULL, NULL, ''),
	(5582, 145, NULL, NULL, ''),
	(5583, 145, NULL, NULL, ''),
	(5584, 145, NULL, NULL, ''),
	(5585, 145, NULL, NULL, ''),
	(5586, 145, NULL, NULL, ''),
	(5587, 145, NULL, NULL, ''),
	(5588, 145, NULL, NULL, ''),
	(5589, 145, NULL, NULL, ''),
	(5590, 145, NULL, NULL, ''),
	(5591, 145, NULL, NULL, ''),
	(5592, 145, NULL, NULL, ''),
	(5593, 145, NULL, NULL, 'false'),
	(5594, 145, NULL, NULL, 'false'),
	(5595, 145, NULL, NULL, 'false'),
	(5596, 145, NULL, NULL, 'false'),
	(5597, 146, NULL, NULL, ''),
	(5598, 146, NULL, NULL, ''),
	(5599, 146, NULL, NULL, ''),
	(5600, 146, NULL, NULL, ''),
	(5601, 146, NULL, NULL, ''),
	(5602, 146, NULL, NULL, ''),
	(5603, 146, NULL, NULL, ''),
	(5604, 146, NULL, NULL, ''),
	(5605, 146, NULL, NULL, ''),
	(5606, 146, NULL, NULL, ''),
	(5607, 146, NULL, NULL, ''),
	(5608, 146, NULL, NULL, ''),
	(5609, 146, NULL, NULL, ''),
	(5610, 146, NULL, NULL, ''),
	(5611, 146, NULL, NULL, ''),
	(5612, 146, NULL, NULL, ''),
	(5613, 146, NULL, NULL, ''),
	(5614, 146, NULL, NULL, ''),
	(5615, 146, NULL, NULL, ''),
	(5616, 146, NULL, NULL, ''),
	(5617, 146, NULL, NULL, ''),
	(5618, 146, NULL, NULL, ''),
	(5619, 146, NULL, NULL, ''),
	(5620, 146, NULL, NULL, ''),
	(5621, 146, NULL, NULL, ''),
	(5622, 146, NULL, NULL, ''),
	(5623, 146, NULL, NULL, ''),
	(5624, 146, NULL, NULL, ''),
	(5625, 146, NULL, NULL, ''),
	(5626, 146, NULL, NULL, ''),
	(5627, 146, NULL, NULL, ''),
	(5628, 146, NULL, NULL, ''),
	(5629, 146, NULL, NULL, ''),
	(5630, 146, NULL, NULL, ''),
	(5631, 146, NULL, NULL, ''),
	(5632, 146, NULL, NULL, ''),
	(5633, 146, NULL, NULL, ''),
	(5634, 146, NULL, NULL, ''),
	(5635, 146, NULL, NULL, ''),
	(5636, 146, NULL, NULL, ''),
	(5637, 146, NULL, NULL, ''),
	(5638, 146, NULL, NULL, ''),
	(5639, 146, NULL, NULL, ''),
	(5640, 146, NULL, NULL, ''),
	(5641, 146, NULL, NULL, 'false'),
	(5642, 146, NULL, NULL, 'false'),
	(5643, 146, NULL, NULL, 'false'),
	(5644, 146, NULL, NULL, 'false');
/*!40000 ALTER TABLE `batchsettings` ENABLE KEYS */;


-- Dumping structure for table s134000.measurements
CREATE TABLE IF NOT EXISTS `measurements` (
  `batchid` int(32) NOT NULL,
  `elementnumber` int(32) NOT NULL,
  `measurementtype` enum('LEAK','STROKE') COLLATE utf8_bin NOT NULL,
  `verified` bit(1) NOT NULL,
  `measurementvalue` float NOT NULL,
  `timestamp` bigint(20) NOT NULL,
  PRIMARY KEY (`elementnumber`,`batchid`,`measurementtype`)
) ENGINE=InnoDB DEFAULT CHARSET=utf8 COLLATE=utf8_bin;

-- Dumping data for table s134000.measurements: ~56 rows (approximately)
/*!40000 ALTER TABLE `measurements` DISABLE KEYS */;
INSERT INTO `measurements` (`batchid`, `elementnumber`, `measurementtype`, `verified`, `measurementvalue`, `timestamp`) VALUES
	(-1, 0, 'LEAK', b'1', 8.2, 62000),
	(33, 0, 'STROKE', b'1', 3.42165, 1),
	(37, 0, 'STROKE', b'1', 1.4307, 1),
	(38, 0, 'STROKE', b'1', 1.4209, 1),
	(42, 0, 'LEAK', b'1', 7.7, 62000),
	(42, 0, 'STROKE', b'1', 0.3808, 1),
	(46, 0, 'LEAK', b'1', 11.3, 62000),
	(46, 0, 'STROKE', b'1', 313.225, 1),
	(42, 1, 'LEAK', b'1', 5.2, 62000),
	(42, 1, 'STROKE', b'1', 1.4521, 1),
	(46, 1, 'LEAK', b'1', 8.2, 62000),
	(42, 2, 'LEAK', b'1', 11.3, 62000),
	(42, 2, 'STROKE', b'1', 0.1149, 1),
	(42, 3, 'LEAK', b'1', 8.8, 62000),
	(42, 3, 'STROKE', b'1', 1.3425, 1),
	(42, 4, 'LEAK', b'1', 8.8, 62000),
	(42, 4, 'STROKE', b'1', 1.7678, 1),
	(42, 5, 'LEAK', b'1', 10.8, 62000),
	(42, 5, 'STROKE', b'1', 1.6414, 1),
	(42, 6, 'LEAK', b'1', 10.3, 62000),
	(42, 6, 'STROKE', b'1', 1.1331, 1),
	(42, 7, 'LEAK', b'1', 8.2, 62000),
	(42, 7, 'STROKE', b'1', 1.7279, 1),
	(42, 8, 'LEAK', b'1', 11.3, 62000),
	(42, 8, 'STROKE', b'1', 0.6068, 1),
	(42, 9, 'LEAK', b'1', 7.7, 62000),
	(42, 9, 'STROKE', b'1', 0.0569, 1),
	(42, 10, 'LEAK', b'1', 5.2, 62000),
	(42, 10, 'STROKE', b'1', 0.7198, 1),
	(42, 11, 'LEAK', b'1', 11.3, 62000),
	(42, 11, 'STROKE', b'1', 1.2977, 1),
	(42, 12, 'LEAK', b'1', 8.8, 62000),
	(42, 12, 'STROKE', b'1', 0.2878, 1),
	(42, 13, 'LEAK', b'1', 8.8, 62000),
	(42, 13, 'STROKE', b'1', 1.3721, 1),
	(42, 14, 'LEAK', b'1', 10.8, 62000),
	(42, 14, 'STROKE', b'1', 0.7459, 1),
	(42, 15, 'LEAK', b'1', 10.3, 62000),
	(42, 15, 'STROKE', b'1', 0.6525, 1),
	(42, 16, 'LEAK', b'0', 8.2, 62000),
	(42, 16, 'STROKE', b'0', 0.7506, 1),
	(42, 17, 'LEAK', b'1', 11.3, 62000),
	(42, 17, 'STROKE', b'1', 0.246, 1),
	(42, 18, 'LEAK', b'1', 7.7, 62000),
	(42, 18, 'STROKE', b'1', 1.0201, 1),
	(42, 19, 'LEAK', b'1', 5.2, 62000),
	(42, 19, 'STROKE', b'1', 0.2147, 1),
	(42, 20, 'LEAK', b'1', 11.3, 62000),
	(42, 20, 'STROKE', b'1', 0.8144, 1),
	(42, 21, 'LEAK', b'1', 8.8, 62000),
	(42, 21, 'STROKE', b'1', 1.7308, 1),
	(42, 22, 'LEAK', b'1', 8.8, 62000),
	(42, 22, 'STROKE', b'1', 0.4984, 1),
	(42, 23, 'LEAK', b'1', 10.8, 62000),
	(42, 23, 'STROKE', b'1', 0.6961, 1),
	(42, 24, 'STROKE', b'1', 1.5118, 1);
/*!40000 ALTER TABLE `measurements` ENABLE KEYS */;


-- Dumping structure for table s134000.users
CREATE TABLE IF NOT EXISTS `users` (
  `id` int(32) NOT NULL AUTO_INCREMENT,
  `username` varchar(255) COLLATE utf8_bin NOT NULL,
  `password` varchar(255) COLLATE utf8_bin DEFAULT NULL,
  `admin` bit(1) DEFAULT NULL,
  `active` bit(1) DEFAULT NULL,
  PRIMARY KEY (`id`),
  UNIQUE KEY `username` (`username`)
) ENGINE=InnoDB AUTO_INCREMENT=33 DEFAULT CHARSET=utf8 COLLATE=utf8_bin;

-- Dumping data for table s134000.users: ~14 rows (approximately)
/*!40000 ALTER TABLE `users` DISABLE KEYS */;
INSERT INTO `users` (`id`, `username`, `password`, `admin`, `active`) VALUES
	(1, 'cb', '123456', b'1', b'1'),
	(8, 'Runi', '123456', b'1', b'1'),
	(15, 'guest2', '123456', b'1', b'1'),
	(16, 'YourBenevolentOverlord', '124', b'0', b'0'),
	(17, 'martin', '123', b'0', b'1'),
	(23, 'hey', '12345', b'1', b'0'),
	(24, 'Eirik', '13', b'1', b'1'),
	(25, 'guest', '123456', b'0', b'1'),
	(27, 'asd', NULL, NULL, NULL),
	(28, 'Martin', NULL, NULL, NULL),
	(29, 'asfd', '12345', b'0', b'1'),
	(30, 'Martin2', '12345', b'0', b'1'),
	(31, 'Bent', '12345', b'0', b'1'),
	(32, 'Holger', '12345', b'0', b'0');
/*!40000 ALTER TABLE `users` ENABLE KEYS */;
/*!40101 SET SQL_MODE=IFNULL(@OLD_SQL_MODE, '') */;
/*!40014 SET FOREIGN_KEY_CHECKS=IF(@OLD_FOREIGN_KEY_CHECKS IS NULL, 1, @OLD_FOREIGN_KEY_CHECKS) */;
/*!40101 SET CHARACTER_SET_CLIENT=@OLD_CHARACTER_SET_CLIENT */;
